Marca temporal,1 - ¿Tienes mascota?,2 - Indica tu género ,3 - Edad ,4 - ¿Qué mascotas tienes? ,5 - Si tienes perro...,6 - Si tienes gato...,7 - ¿Cuánto tiempo al día pasas con tu mascota? ,8 - ¿Cuándo vas de vacaciones viajas con tu mascota? ,"9 - Aproximadamente, ¿cuánto dinero gastas al año en tu mascota?",10 - ¿Tienes esterilizada a tu mascota?,"11 - Si tienes perro, ¿de qué raza es? ","12 - Si tienes gato, ¿de qué raza es? ",13 - ¿Consideras que tu mascota te hace más feliz?,14 - ¿Consideras que tu mascota es un miembro más de la familia?
22/04/2024 12:02:15,Sí,Mujer,25- 35 años,Perro,Adoptado,,+ de 1 hora,A veces,Entre 1000€ y 2000€,Sí,Mestizo,,Sí,Sí
22/04/2024 12:02:20,Sí,Hombre,25- 35 años,Perro,Adoptado,,+ de 1 hora,A veces,Entre 1000€ y 2000€,Sí,Mestizo,,Sí,Sí
22/04/2024 12:02:20,Sí,Mujer,25- 35 años,"Perro, Gato",Adoptado,Adoptado,+ de 1 hora,A veces,Entre 2000€ y 3000€,Sí,Mestizo,"Siamés, Otro",Sí,Sí
22/04/2024 12:02:32,Sí,Mujer,35 - 45 años,"Perro, Gato",Adoptado,Adoptado,+ de 1 hora,A veces,Menos de 1000€,Sí,Mestizo,No lo sé,Sí,Sí
22/04/2024 12:03:18,"Sí, No",Mujer,25- 35 años,Perro,Adoptado,,+ de 1 hora,A veces,Entre 2000€ y 3000€,Sí,Mestizo,,Sí,Sí
22/04/2024 12:03:44,Sí,Mujer,25- 35 años,Gato,,Adoptado,+ de 1 hora,A veces,Menos de 1000€,Sí,,Otro,Sí,Sí
22/04/2024 12:04:07,Sí,Mujer,25- 35 años,Perro,Adoptado,,+ de 1 hora,A veces,Entre 1000€ y 2000€,Sí,No lo sé,,Sí,Sí
22/04/2024 12:04:44,Sí,Mujer,45 -55 años,Gato,,Adoptado,+ de 1 hora,A veces,Menos de 1000€,Sí,,Otro,Sí,Sí
22/04/2024 12:06:10,Sí,Mujer,25- 35 años,Reptil,Comprado,,15 minutos,No,Menos de 1000€,No,,,Sí,Sí
22/04/2024 12:06:24,Sí,Mujer,25- 35 años,Perro,Adoptado,,+ de 1 hora,A veces,Menos de 1000€,Sí,Mestizo,,Sí,Sí
22/04/2024 12:06:27,Sí,Mujer,25- 35 años,Perro,Adoptado,,+ de 1 hora,A veces,Entre 1000€ y 2000€,No,Mestizo,,Sí,Sí
22/04/2024 12:06:29,Sí,Hombre,25- 35 años,Perro,Adoptado,,+ de 1 hora,A veces,Menos de 1000€,Sí,Mestizo,,Sí,Sí
22/04/2024 12:06:48,Sí,Mujer,35 - 45 años,Gato,,Adoptado,+ de 1 hora,A veces,Entre 2000€ y 3000€,Sí,,Otro,Sí,Sí
22/04/2024 12:08:03,Sí,Mujer,25- 35 años,Perro,Adoptado,,+ de 1 hora,Sí,Menos de 1000€,No,Caniche,,Sí,Sí
22/04/2024 12:08:20,Sí,Mujer,25- 35 años,Perro,Adoptado,,+ de 1 hora,Sí,Menos de 1000€,Sí,Beagle,,Sí,Sí
22/04/2024 12:08:28,Sí,Mujer,25- 35 años,Gato,Comprado,Adoptado,+ de 1 hora,A veces,Más 3000€,Sí,Yorkshire terrier,Otro,Sí,Sí
22/04/2024 12:09:36,Sí,Mujer,25- 35 años,Gato,,Adoptado,+ de 1 hora,A veces,Menos de 1000€,Sí,,No lo sé,Sí,Sí
22/04/2024 12:09:53,No,Hombre,25- 35 años,,,,,No,,,,,,
22/04/2024 12:10:00,Sí,Mujer,25- 35 años,Perro,Adoptado,,+ de 1 hora,A veces,Entre 2000€ y 3000€,Sí,Mestizo,,Sí,Sí
22/04/2024 12:10:20,Sí,Mujer,+55 años,Gato,,Adoptado,+ de 1 hora,No,Menos de 1000€,Sí,,Otro,Sí,Sí
22/04/2024 12:10:31,Sí,Mujer,25- 35 años,Perro,Adoptado,,+ de 1 hora,Sí,Entre 1000€ y 2000€,Sí,Mestizo,,Sí,Sí
22/04/2024 12:11:24,Sí,Hombre,35 - 45 años,Gato,,Adoptado,+ de 1 hora,A veces,Entre 1000€ y 2000€,Sí,,Otro,Sí,Sí
22/04/2024 12:12:26,Sí,Mujer,25- 35 años,Perro,Adoptado,,+ de 1 hora,A veces,Entre 1000€ y 2000€,Sí,Mestizo,,Sí,Sí
22/04/2024 12:14:17,Sí,Hombre,35 - 45 años,Roedor,,,+ de 1 hora,No,Menos de 1000€,No,,,Sí,Sí
22/04/2024 12:14:33,Sí,Mujer,35 - 45 años,"Perro, Gato",Adoptado,Adoptado,+ de 1 hora,Sí,Entre 1000€ y 2000€,Sí,"Golden retriever, Bóxer",Maine Coon,Sí,Sí
22/04/2024 12:15:01,Sí,Mujer,25- 35 años,Perro,Adoptado,,1 hora,No,Entre 1000€ y 2000€,Sí,"Pastor alemán, Mestizo",,Sí,Sí
22/04/2024 12:15:58,No,Hombre,25- 35 años,,,,,,,,,,,
22/04/2024 12:16:17,Sí,Mujer,25- 35 años,Perro,Adoptado,,+ de 1 hora,Sí,Entre 1000€ y 2000€,Sí,Mestizo,,Sí,Sí
22/04/2024 12:19:20,Sí,Mujer,25- 35 años,"Perro, Gato",Adoptado,Adoptado,+ de 1 hora,A veces,Entre 1000€ y 2000€,Sí,,Otro,Sí,Sí
22/04/2024 12:21:12,Sí,Mujer,25- 35 años,Perro,Adoptado,,+ de 1 hora,A veces,Menos de 1000€,Sí,Mestizo,,Sí,Sí
22/04/2024 12:22:04,Sí,Mujer,35 - 45 años,"Perro, Gato",Adoptado,Adoptado,+ de 1 hora,A veces,Entre 2000€ y 3000€,No,No lo sé,No lo sé,Sí,Sí
22/04/2024 12:24:38,Sí,Mujer,25- 35 años,Perro,Adoptado,,+ de 1 hora,A veces,Entre 1000€ y 2000€,Sí,Yorkshire terrier,,Sí,Sí
22/04/2024 12:29:11,Sí,Hombre,25- 35 años,Perro,Adoptado,,+ de 1 hora,No,Entre 1000€ y 2000€,No,No lo sé,,Sí,Sí
22/04/2024 12:30:45,Sí,Hombre,+55 años,Perro,Comprado,,1 hora,Sí,Menos de 1000€,Sí,Caniche,,Sí,Sí
22/04/2024 12:34:46,Sí,Mujer,25- 35 años,"Gato, Roedor",,Adoptado,+ de 1 hora,No,Menos de 1000€,Sí,,Otro,Sí,Sí
22/04/2024 12:35:03,Sí,Mujer,25- 35 años,"Reptil, Conejo",,,+ de 1 hora,A veces,Menos de 1000€,Sí,,,Sí,Sí
22/04/2024 12:35:33,Sí,Hombre,25- 35 años,Perro,Adoptado,,+ de 1 hora,Sí,Entre 1000€ y 2000€,Sí,Yorkshire terrier,,Sí,Sí
22/04/2024 12:38:09,Sí,Hombre,35 - 45 años,Perro,Adoptado,,30 minutos,A veces,Entre 1000€ y 2000€,Sí,Mestizo,,Sí,Sí
22/04/2024 12:40:54,Sí,Hombre,25- 35 años,Gato,,Adoptado,+ de 1 hora,No,Menos de 1000€,Sí,,Otro,Sí,Sí
22/04/2024 12:42:03,Sí,Mujer,25- 35 años,Perro,Adoptado,,+ de 1 hora,No,Menos de 1000€,Sí,Mestizo,,Sí,Sí
22/04/2024 12:43:39,Sí,Mujer,18-25 años,"Perro, Gato",Adoptado,Adoptado,+ de 1 hora,A veces,Menos de 1000€,Sí,"Yorkshire terrier, Chihuahua",Otro,Sí,Sí
22/04/2024 12:43:42,Sí,Mujer,18-25 años,"Perro, Gato",Adoptado,Adoptado,+ de 1 hora,A veces,Menos de 1000€,Sí,"Yorkshire terrier, Chihuahua",Otro,Sí,Sí
22/04/2024 12:46:18,Sí,Mujer,25- 35 años,Perro,Comprado,,+ de 1 hora,Sí,Entre 1000€ y 2000€,Sí,Dálmata,,Sí,Sí
22/04/2024 12:48:01,Sí,Mujer,25- 35 años,Perro,Adoptado,,+ de 1 hora,A veces,Menos de 1000€,Sí,Mestizo,,Sí,Sí
22/04/2024 12:48:02,Sí,Hombre,25- 35 años,Perro,Adoptado,,+ de 1 hora,A veces,Menos de 1000€,Sí,Mestizo,,Sí,Sí
22/04/2024 12:48:35,Sí,Mujer,25- 35 años,Perro,Adoptado,,+ de 1 hora,Sí,Entre 2000€ y 3000€,Sí,Mestizo,,Sí,Sí
22/04/2024 12:51:17,Sí,Mujer,25- 35 años,Gato,,Adoptado,+ de 1 hora,No,Menos de 1000€,Sí,,Otro,Sí,Sí
22/04/2024 12:52:02,Sí,Mujer,45 -55 años,Gato,,,+ de 1 hora,No,Menos de 1000€,Sí,,Otro,Sí,Sí
22/04/2024 12:52:39,Sí,Mujer,+55 años,Perro,Adoptado,,+ de 1 hora,No,Menos de 1000€,No,No lo sé,,Sí,Sí
22/04/2024 12:53:28,Sí,Hombre,25- 35 años,Gato,,Adoptado,+ de 1 hora,No,Entre 1000€ y 2000€,Sí,,No lo sé,Sí,Sí
22/04/2024 12:53:39,Sí,Hombre,18-25 años,Hurones,,,+ de 1 hora,Sí,Menos de 1000€,Sí,,,Sí,Sí
22/04/2024 12:55:59,Sí,Hombre,25- 35 años,Perro,Comprado,,+ de 1 hora,Sí,Más 3000€,Sí,No lo sé,,Sí,Sí
22/04/2024 12:56:29,Sí,Mujer,18-25 años,Gato,,Adoptado,+ de 1 hora,No,Menos de 1000€,Sí,,Otro,Sí,Sí
22/04/2024 13:02:45,Sí,Mujer,35 - 45 años,Perro,Adoptado,,+ de 1 hora,A veces,Menos de 1000€,Sí,Mestizo,,Sí,Sí
22/04/2024 13:06:08,Sí,Hombre,35 - 45 años,Gato,,Adoptado,+ de 1 hora,No,Menos de 1000€,Sí,,No lo sé,Sí,Sí
22/04/2024 13:08:17,Sí,Mujer,35 - 45 años,Gato,,Adoptado,1 hora,No,Menos de 1000€,Sí,,Otro,Sí,Sí
22/04/2024 13:09:43,Sí,Mujer,35 - 45 años,Perro,Comprado,,+ de 1 hora,Sí,Entre 1000€ y 2000€,No,Mestizo,,Sí,Sí
22/04/2024 13:14:07,Sí,Mujer,25- 35 años,"Perro, Gato",Adoptado,Adoptado,+ de 1 hora,No,Entre 1000€ y 2000€,Sí,Mestizo,Otro,Sí,Sí
22/04/2024 13:14:09,Sí,Mujer,45 -55 años,Perro,Adoptado,,+ de 1 hora,A veces,Menos de 1000€,Sí,Yorkshire terrier,,Sí,Sí
22/04/2024 13:14:15,Sí,Hombre,25- 35 años,"Perro, Gato",Adoptado,Adoptado,+ de 1 hora,No,Menos de 1000€,No,Mestizo,No lo sé,Sí,Sí
22/04/2024 13:25:26,Sí,Mujer,25- 35 años,"Perro, Gato",Adoptado,Adoptado,+ de 1 hora,A veces,Entre 1000€ y 2000€,Sí,Mestizo,No lo sé,Sí,Sí
22/04/2024 13:26:50,Sí,Mujer,+55 años,Perro,Adoptado,,+ de 1 hora,Sí,Menos de 1000€,No,No lo sé,,Sí,Sí
22/04/2024 13:27:26,No,Mujer,35 - 45 años,,,,,,,,,,,
22/04/2024 13:28:10,Sí,Mujer,25- 35 años,Gato,,"Comprado, Adoptado",30 minutos,No,Menos de 1000€,,,"Persa, Otro",Sí,Sí
22/04/2024 13:31:29,Sí,Mujer,45 -55 años,Perro,Adoptado,Adoptado,1 hora,No,Menos de 1000€,Sí,Yorkshire terrier,No lo sé,Sí,Sí
22/04/2024 13:47:56,Sí,Mujer,18-25 años,Perro,Adoptado,,+ de 1 hora,Sí,Entre 1000€ y 2000€,Sí,Mestizo,,Sí,Sí
22/04/2024 13:49:37,Sí,Hombre,18-25 años,"Perro, Gato",Adoptado,Adoptado,+ de 1 hora,A veces,Menos de 1000€,Sí,Chihuahua,Siamés,Sí,Sí
22/04/2024 13:51:14,Sí,Mujer,35 - 45 años,Perro,Adoptado,,+ de 1 hora,No,Menos de 1000€,Sí,Mestizo,,Sí,Sí
22/04/2024 13:54:04,Sí,Mujer,25- 35 años,Gato,,Adoptado,+ de 1 hora,No,Menos de 1000€,Sí,,Otro,Sí,Sí
22/04/2024 14:02:23,No,Hombre,25- 35 años,,,,,,,,,,,
22/04/2024 14:02:34,No,Mujer,25- 35 años,,,,,,,,,,,
22/04/2024 14:08:17,No,Mujer,18-25 años,,,,,,,,,,,
22/04/2024 14:10:24,Sí,Mujer,25- 35 años,Gato,,Adoptado,+ de 1 hora,No,Entre 1000€ y 2000€,Sí,,Otro,Sí,Sí
22/04/2024 14:10:59,Sí,Mujer,18-25 años,Perro,Comprado,,+ de 1 hora,A veces,Menos de 1000€,Sí,Pastor alemán,,Sí,Sí
22/04/2024 14:11:22,Sí,Mujer,35 - 45 años,Perro,Adoptado,,+ de 1 hora,A veces,Menos de 1000€,No,Perro de aguas,,Sí,Sí
22/04/2024 14:11:40,No,Mujer,18-25 años,,,,,,,,,,,
22/04/2024 14:12:14,Sí,Mujer,35 - 45 años,Perro,Adoptado,,+ de 1 hora,A veces,Menos de 1000€,No,Perro de aguas ,,Sí,Sí
22/04/2024 14:16:10,Sí,Mujer,45 -55 años,Perro,Comprado,,1 hora,No,Entre 1000€ y 2000€,Sí,Labrador,,Sí,Sí
22/04/2024 14:18:35,Sí,Hombre,25- 35 años,Gato,,Adoptado,+ de 1 hora,No,Menos de 1000€,Sí,,Otro,Sí,Sí
22/04/2024 14:20:22,Sí,Hombre,25- 35 años,Perro,Adoptado,,+ de 1 hora,No,Menos de 1000€,Sí,Mestizo,,Sí,Sí
22/04/2024 14:22:54,Sí,Mujer,18-25 años,Gato,,Adoptado,+ de 1 hora,No,Menos de 1000€,Sí,,Otro,Sí,Sí
22/04/2024 14:25:28,No,Hombre,45 -55 años,No tengo,,,,,,,,,,
22/04/2024 14:26:35,Sí,Mujer,25- 35 años,Gato,Adoptado,Adoptado,1 hora,A veces,Menos de 1000€,Sí,Bóxer,Azul ruso,Sí,Sí
22/04/2024 14:45:17,Sí,Mujer,45 -55 años,Perro,Adoptado,,30 minutos,No,Menos de 1000€,No,Mestizo,,Sí,Sí
22/04/2024 14:53:36,Sí,Hombre,25- 35 años,Gato,,Adoptado,+ de 1 hora,No,Entre 1000€ y 2000€,Sí,,No lo sé,Sí,Sí
22/04/2024 15:12:02,Sí,Mujer,25- 35 años,Perro,Comprado,,+ de 1 hora,A veces,Menos de 1000€,No,Pomerania,,Sí,Sí
22/04/2024 15:17:15,Sí,Mujer,25- 35 años,Perro,Comprado,,+ de 1 hora,A veces,Entre 1000€ y 2000€,No,Springer Spaniel,,Sí,Sí
22/04/2024 15:17:41,Sí,Mujer,25- 35 años,Perro,Comprado,,1 hora,A veces,Entre 1000€ y 2000€,No,No lo sé,,Sí,Sí
22/04/2024 15:18:15,No,Mujer,35 - 45 años,Ninguna ,,,,,,,,,,
22/04/2024 15:21:05,"Sí, No",Hombre,+55 años,Perro,Adoptado,,+ de 1 hora,No,Entre 1000€ y 2000€,No,,,,Sí
22/04/2024 15:33:37,Sí,Mujer,18-25 años,Perro,"Comprado, Adoptado",,+ de 1 hora,A veces,Menos de 1000€,"Sí, No","San bernardo, mestizo mastín, schnauzer ",,Sí,Sí
22/04/2024 15:34:40,No,Mujer,35 - 45 años,,,,,,,,,,,
22/04/2024 15:44:52,Sí,Mujer,25- 35 años,Perro,Adoptado,,+ de 1 hora,Sí,Menos de 1000€,Sí,Podenco,,Sí,Sí
22/04/2024 15:47:33,Sí,Mujer,18-25 años,Gato,,Adoptado,1 hora,No,Menos de 1000€,Sí,,No lo sé,Sí,Sí
22/04/2024 15:50:27,Sí,Mujer,25- 35 años,Gato,,Adoptado,+ de 1 hora,No,Entre 1000€ y 2000€,Sí,,Siamés,Sí,Sí
22/04/2024 15:55:32,Sí,Mujer,25- 35 años,Perro,Adoptado,,+ de 1 hora,No,Entre 1000€ y 2000€,Sí,Pitbull,,Sí,Sí
22/04/2024 16:01:35,Sí,Mujer,25- 35 años,Gato,,Adoptado,30 minutos,No,Menos de 1000€,Sí,,Otro,Sí,Sí
22/04/2024 16:13:55,No,Mujer,18-25 años,,,,,,,,,,,
22/04/2024 16:14:53,No,Mujer,18-25 años,No tengo ,,,,,,,,,,
22/04/2024 16:18:40,Sí,Mujer,25- 35 años,Perro,Adoptado,,+ de 1 hora,No,Menos de 1000€,Sí,Mestizo,,Sí,Sí
22/04/2024 16:20:13,Sí,Mujer,25- 35 años,Perro,Adoptado,,+ de 1 hora,A veces,Entre 2000€ y 3000€,Sí,Mestizo,,Sí,Sí
22/04/2024 16:22:27,Sí,Hombre,18-25 años,Gato,,Adoptado,30 minutos,No,Menos de 1000€,Sí,,No lo sé,Sí,Sí
22/04/2024 16:23:35,No,Mujer,18-25 años,,,,,,,,,,,
22/04/2024 16:24:23,Sí,Mujer,25- 35 años,Perro,Adoptado,,+ de 1 hora,A veces,Entre 1000€ y 2000€,Sí,Perro de aguas,,Sí,Sí
22/04/2024 16:27:07,Sí,Mujer,35 - 45 años,Perro,Adoptado,,+ de 1 hora,A veces,Entre 1000€ y 2000€,Sí,Mestizo,,Sí,Sí
22/04/2024 16:29:31,Sí,Mujer,35 - 45 años,Gato,,Comprado,+ de 1 hora,A veces,Entre 1000€ y 2000€,Sí,,Otro,Sí,Sí
22/04/2024 16:52:09,Sí,Mujer,25- 35 años,"Perro, Gato, Peces",Comprado,Adoptado,+ de 1 hora,A veces,Entre 1000€ y 2000€,Sí,Labrador ,Otro,Sí,Sí
22/04/2024 16:52:31,Sí,Mujer,18-25 años,Perro,Comprado,,30 minutos,No,Entre 2000€ y 3000€,No,Golden retriever,,Sí,Sí
22/04/2024 16:54:38,Sí,Hombre,25- 35 años,Gato,,Adoptado,+ de 1 hora,A veces,Menos de 1000€,Sí,,Azul ruso,Sí,Sí
22/04/2024 17:25:18,Sí,Mujer,25- 35 años,Gato,,Adoptado,+ de 1 hora,No,Menos de 1000€,Sí,,No lo sé,Sí,Sí
22/04/2024 17:32:33,Sí,Mujer,35 - 45 años,Perro,Adoptado,,+ de 1 hora,No,Entre 1000€ y 2000€,Sí,Bichon Maltes,,Sí,Sí
22/04/2024 17:39:56,Sí,Mujer,25- 35 años,Perro,Adoptado,,+ de 1 hora,A veces,Entre 1000€ y 2000€,Sí,Chow chow,,Sí,Sí
22/04/2024 17:40:17,Sí,Mujer,25- 35 años,"Perro, Gato",Adoptado,Adoptado,+ de 1 hora,Sí,Entre 1000€ y 2000€,No,Border collie,Siamés,Sí,Sí
22/04/2024 17:40:26,Sí,Mujer,18-25 años,Perro,Comprado,,+ de 1 hora,No,Más 3000€,No,"Golden retriever, Yorkshire terrier",,Sí,Sí
22/04/2024 17:41:06,Sí,Mujer,25- 35 años,"Perro, Gato",Adoptado,Adoptado,+ de 1 hora,A veces,Entre 1000€ y 2000€,Sí,Mestizo,Otro,Sí,Sí
22/04/2024 17:50:19,Sí,Hombre,35 - 45 años,Gato,,Adoptado,+ de 1 hora,No,Menos de 1000€,Sí,,Otro,Sí,Sí
22/04/2024 18:01:11,Sí,Mujer,25- 35 años,Perro,Comprado,,+ de 1 hora,No,Menos de 1000€,Sí,Golden retriever,,Sí,Sí
22/04/2024 18:09:49,Sí,Mujer,25- 35 años,Perro,Adoptado,,30 minutos,No,Entre 1000€ y 2000€,Sí,"Braco de Weimar, Vizsla",,Sí,Sí
22/04/2024 18:12:14,Sí,Hombre,25- 35 años,Gato,,Adoptado,+ de 1 hora,No,Menos de 1000€,Sí,,Otro,Sí,Sí
22/04/2024 18:12:26,No,Mujer,18-25 años,Ninguna,,,,,,,,,,
22/04/2024 18:25:17,Sí,Mujer,25- 35 años,Gato,,Adoptado,+ de 1 hora,No,Entre 2000€ y 3000€,Sí,,"Siamés, Otro",Sí,Sí
22/04/2024 18:27:42,Sí,Hombre,25- 35 años,"Perro, Gato",Adoptado,Adoptado,+ de 1 hora,A veces,Entre 1000€ y 2000€,Sí,Mezcla de pastor alemán y galgo,Otro,Sí,Sí
22/04/2024 18:39:55,Sí,Mujer,35 - 45 años,Perro,Adoptado,,+ de 1 hora,No,Menos de 1000€,Sí,Mestizo,,Sí,Sí
22/04/2024 18:42:44,Sí,"Hombre, Mujer",25- 35 años,Perro,Comprado,,+ de 1 hora,A veces,Menos de 1000€,No,,,Sí,Sí
22/04/2024 18:46:51,Sí,Mujer,25- 35 años,"Perro, Gato",Comprado,Adoptado,+ de 1 hora,A veces,Menos de 1000€,Sí,Teckel,Siamés,Sí,Sí
22/04/2024 18:47:15,Sí,Mujer,25- 35 años,Perro,Adoptado,,+ de 1 hora,No,Menos de 1000€,Sí,Mestizo,,Sí,Sí
22/04/2024 19:12:41,Sí,Mujer,25- 35 años,Perro,Adoptado,,+ de 1 hora,A veces,Entre 1000€ y 2000€,Sí,Mestizo,,Sí,Sí
22/04/2024 19:15:01,Sí,Mujer,45 -55 años,"Gato, Periquito ",,Adoptado,+ de 1 hora,No,Menos de 1000€,Sí,,"Angora turco, Siberiano",Sí,Sí
22/04/2024 19:22:24,Sí,Mujer,35 - 45 años,Gato,,Adoptado,"1 hora, + de 1 hora",No,Menos de 1000€,Sí,,"Siamés, Otro",Sí,Sí
22/04/2024 19:41:45,No,Mujer,45 -55 años,,,,,,,,,,Sí,Sí
22/04/2024 20:03:26,Sí,Hombre,35 - 45 años,Perro,Adoptado,,+ de 1 hora,A veces,Menos de 1000€,No,Caniche,,Sí,Sí
22/04/2024 20:23:53,Sí,Hombre,25- 35 años,"Perro, Gato",Comprado,Adoptado,+ de 1 hora,No,,Sí,Border Collie,No lo sé,Sí,Sí
22/04/2024 20:48:26,No,Mujer,18-25 años,,,,,,,,,,,
22/04/2024 20:58:51,No,Mujer,+55 años,,,,,,,,,,,
22/04/2024 21:04:15,Sí,Mujer,25- 35 años,"Perro, Gato",Adoptado,Adoptado,+ de 1 hora,A veces,Entre 2000€ y 3000€,Sí,Mestizo,Otro,Sí,Sí
22/04/2024 21:05:16,Sí,Mujer,25- 35 años,"Perro, Gato",Adoptado,Adoptado,"1 hora, + de 1 hora",No,Menos de 1000€,Sí,Mestizo,No lo sé,Sí,Sí
22/04/2024 21:10:02,Sí,Mujer,45 -55 años,Gato,,Adoptado,+ de 1 hora,Sí,Entre 2000€ y 3000€,Sí,,Otro,Sí,Sí
22/04/2024 21:40:26,Sí,Hombre,25- 35 años,Gato,,Adoptado,+ de 1 hora,No,Menos de 1000€,Sí,,Otro,Sí,Sí
22/04/2024 21:45:28,Sí,Mujer,25- 35 años,Perro,Comprado,,+ de 1 hora,A veces,Menos de 1000€,Sí,Bichon maltés ,,Sí,Sí
22/04/2024 21:52:03,No,Mujer,35 - 45 años,,,,,,,,,,,
22/04/2024 22:09:53,Sí,Mujer,25- 35 años,Perro,Comprado,,+ de 1 hora,A veces,Entre 2000€ y 3000€,No,Golden retriever,,Sí,Sí
23/04/2024 1:47:25,Sí,Mujer,25- 35 años,Gato,,Adoptado,+ de 1 hora,A veces,Entre 1000€ y 2000€,Sí,,Otro,Sí,Sí
23/04/2024 1:52:48,Sí,Hombre,18-25 años,Perro,Adoptado,,+ de 1 hora,No,Entre 1000€ y 2000€,Sí,Palleiro ,,Sí,Sí
23/04/2024 3:58:51,Sí,Mujer,35 - 45 años,Gato,,Adoptado,+ de 1 hora,No,Menos de 1000€,Sí,,"Siamés, Otro",Sí,Sí
23/04/2024 6:34:18,Sí,Mujer,25- 35 años,Gato,,Adoptado,+ de 1 hora,No,Menos de 1000€,Sí,,Otro,Sí,Sí
23/04/2024 8:04:34,Sí,Mujer,25- 35 años,Perro,Adoptado,,+ de 1 hora,A veces,Menos de 1000€,No,Mestizo,,Sí,Sí
23/04/2024 8:06:30,Sí,Mujer,25- 35 años,Perro,Comprado,,+ de 1 hora,No,Entre 1000€ y 2000€,Sí,Bichon Maltes ,,Sí,Sí
23/04/2024 8:35:06,Sí,Mujer,25- 35 años,"Perro, Ninfa",Adoptado,,+ de 1 hora,No,Menos de 1000€,Sí,Mestizo,,Sí,Sí
23/04/2024 9:33:44,Sí,Mujer,25- 35 años,Perro,Comprado,,+ de 1 hora,A veces,Entre 2000€ y 3000€,Sí,Caniche,,Sí,Sí
23/04/2024 9:40:15,Sí,Hombre,35 - 45 años,"Perro, Gato",Adoptado,Adoptado,+ de 1 hora,A veces,Entre 1000€ y 2000€,Sí,Mestizo,"Siamés, Otro",Sí,Sí
23/04/2024 9:47:40,Sí,Hombre,35 - 45 años,Gato,,Adoptado,+ de 1 hora,A veces,Entre 1000€ y 2000€,Sí,,Otro,Sí,Sí
23/04/2024 9:48:22,Sí,Mujer,25- 35 años,"Perro, Gato","Comprado, Adoptado",Adoptado,+ de 1 hora,A veces,Entre 1000€ y 2000€,Sí,"Caniche, Mestizo, Galgo español",No lo sé,Sí,Sí
23/04/2024 10:03:29,Sí,Mujer,25- 35 años,Perro,Adoptado,,+ de 1 hora,A veces,Entre 2000€ y 3000€,Sí,Bulmastiff,,Sí,Sí
23/04/2024 10:10:19,No,Mujer,35 - 45 años,,,,,,,,,,,
23/04/2024 10:12:10,No,Mujer,25- 35 años,,,,,,,,,,,
23/04/2024 10:28:45,Sí,Hombre,+55 años,Perro,Comprado,,+ de 1 hora,No,Menos de 1000€,No,Galgo español,,No,Sí
23/04/2024 11:31:42,Sí,Mujer,35 - 45 años,Perro,Comprado,,+ de 1 hora,A veces,Menos de 1000€,Sí,Bulldog frances,,Sí,Sí
23/04/2024 11:34:24,Sí,Hombre,35 - 45 años,,,,15 minutos,No,Menos de 1000€,No,,,Sí,Sí
23/04/2024 11:35:28,Sí,Mujer,+55 años,"Perro, Gato",Adoptado,Adoptado,+ de 1 hora,No,Entre 1000€ y 2000€,Sí,"Mestizo, ",No lo sé,Sí,Sí
23/04/2024 11:36:49,Sí,Hombre,35 - 45 años,Gato,,Adoptado,+ de 1 hora,No,Entre 1000€ y 2000€,Sí,,Otro,Sí,Sí
23/04/2024 11:42:27,Sí,Hombre,35 - 45 años,Gato,,Adoptado,+ de 1 hora,No,Menos de 1000€,Sí,,Siamés,Sí,Sí
23/04/2024 12:22:43,Sí,Mujer,25- 35 años,Gato,,Adoptado,+ de 1 hora,No,Entre 1000€ y 2000€,Sí,,No lo sé,Sí,Sí
23/04/2024 12:26:02,Sí,Hombre,35 - 45 años,Perro,Adoptado,,+ de 1 hora,A veces,Menos de 1000€,Sí,Mestizo,,Sí,Sí
23/04/2024 12:59:29,Sí,Mujer,25- 35 años,Perro,Adoptado,,+ de 1 hora,Sí,Menos de 1000€,Sí,Mezcla de collie y algo más! ,,Sí,Sí
23/04/2024 14:17:10,No,Mujer,35 - 45 años,Ninguna,,,,,,,,,,
23/04/2024 18:07:18,Sí,Mujer,25- 35 años,Perro,Adoptado,,+ de 1 hora,A veces,Entre 2000€ y 3000€,Sí,Galgo,,Sí,Sí
23/04/2024 22:12:21,Sí,Mujer,25- 35 años,Perro,Adoptado,,+ de 1 hora,A veces,Entre 2000€ y 3000€,Sí,Mestizo,,Sí,Sí
24/04/2024 10:31:15,Sí,Mujer,18-25 años,Gato,,Adoptado,+ de 1 hora,Sí,Entre 2000€ y 3000€,Sí,,No lo sé,Sí,Sí
24/04/2024 10:31:48,Sí,Mujer,18-25 años,"Perro, Gato, Pez",Comprado,Adoptado,+ de 1 hora,No,Menos de 1000€,Sí,Mestizo,No lo sé,Sí,Sí
24/04/2024 10:31:54,Sí,"Hombre, Mujer",18-25 años,Gato,,Adoptado,1 hora,No,Entre 1000€ y 2000€,Sí,,Otro,Sí,Sí
24/04/2024 10:31:57,Sí,Mujer,18-25 años,Perro,Adoptado,,+ de 1 hora,Sí,Menos de 1000€,Sí,Mestizo,,Sí,Sí
24/04/2024 10:32:14,Sí,Hombre,18-25 años,"Perro, Gato",Adoptado,Adoptado,+ de 1 hora,No,Entre 2000€ y 3000€,Sí,Yorkshire terrier,Azul ruso,Sí,Sí
24/04/2024 10:32:28,Sí,Mujer,18-25 años,"Perro, Gato, Roedor, Pájaro",Adoptado,Adoptado,+ de 1 hora,No,Menos de 1000€,Sí,"Mestizo, ",Otro,Sí,Sí
24/04/2024 10:32:32,Sí,Mujer,18-25 años,Gato,,Adoptado,,No,Menos de 1000€,No,,No lo sé,Sí,No
24/04/2024 10:32:38,Sí,Hombre,18-25 años,Perro,Adoptado,,30 minutos,A veces,Entre 1000€ y 2000€,Sí,Bóxer,,Sí,Sí
24/04/2024 10:32:39,Sí,Hombre,18-25 años,Perro,Comprado,,+ de 1 hora,Sí,Entre 2000€ y 3000€,Sí,Mini Pincher ,,Sí,Sí
24/04/2024 10:32:54,No,Mujer,18-25 años,No tengo,Adoptado,Adoptado,+ de 1 hora,A veces,Menos de 1000€,Sí,Golden retriever,"Azul ruso, Bengalí, Otro",Sí,Sí
24/04/2024 10:33:07,Sí,Mujer,18-25 años,Gato,,Adoptado,+ de 1 hora,Sí,Entre 2000€ y 3000€,Sí,,No lo sé,Sí,Sí
24/04/2024 10:33:16,No,Hombre,18-25 años,"Perro, Gato",Adoptado,Adoptado,15 minutos,No,Menos de 1000€,No,Mestizo,Maine Coon,Sí,Sí
24/04/2024 10:33:53,Sí,Mujer,18-25 años,Perro,Adoptado,,+ de 1 hora,A veces,Entre 1000€ y 2000€,Sí,Mestizo,,Sí,Sí
24/04/2024 10:36:34,Sí,Mujer,18-25 años,Perro,Adoptado,,+ de 1 hora,A veces,Entre 1000€ y 2000€,"Sí, No",Pitbull y Border Collie,,Sí,Sí
24/04/2024 12:40:33,No,Mujer,25- 35 años,,,,,,,,,,,
24/04/2024 13:50:25,Sí,Mujer,45 -55 años,Gato,,Adoptado,+ de 1 hora,No,Entre 1000€ y 2000€,Sí,,Otro,Sí,Sí
24/04/2024 22:24:28,Sí,Mujer,25- 35 años,Perro,Comprado,,+ de 1 hora,No,Entre 1000€ y 2000€,Sí,Braco,,Sí,Sí
25/04/2024 9:48:31,Sí,Mujer,25- 35 años,Perro,Adoptado,,+ de 1 hora,Sí,Entre 1000€ y 2000€,Sí,Mestizo,,Sí,Sí
25/04/2024 11:26:10,Sí,Mujer,35 - 45 años,Perro,Adoptado,,+ de 1 hora,A veces,Menos de 1000€,Sí,Mestizo,,Sí,Sí